sku,_category
SC0081,
,Paper Craft
,Paper Craft/Stickers
,Paper Craft/Stickers/Essentials
PESL10,
,Paper Craft
,Paper Craft/Stickers
,Paper Craft/Stickers/Essentials
PESL75,
,Paper Craft
,Paper Craft/Stickers
,Paper Craft/Stickers/Essentials
DCHM1,
,Paper Craft
,Paper Craft/Stickers
,Paper Craft/Stickers/Essentials
PESL79,
,Paper Craft
,Paper Craft/Stickers
,Paper Craft/Stickers/Essentials
PBATESL1,
,Paper Craft
,Paper Craft/Stickers
,Paper Craft/Stickers/Essentials
PDCLESL1,
,Paper Craft
,Paper Craft/Stickers
,Paper Craft/Stickers/Essentials
PDFAESL2,
,Paper Craft
,Paper Craft/Stickers
,Paper Craft/Stickers/Essentials
PDMESL1,
,Paper Craft
,Paper Craft/Stickers
,Paper Craft/Stickers/Essentials
PDORAESL1,
,Paper Craft
,Paper Craft/Stickers
,Paper Craft/Stickers/Essentials
PDORCHM1,
,Paper Craft
,Paper Craft/Stickers
,Paper Craft/Stickers/Essentials
PDPRCHM1,
,Paper Craft
,Paper Craft/Stickers
,Paper Craft/Stickers/Essentials
PDPRESL1,
,Paper Craft
,Paper Craft/Stickers
,Paper Craft/Stickers/Essentials
PDTSCHM1,
,Paper Craft
,Paper Craft/Stickers
,Paper Craft/Stickers/Essentials
PDWESL1,
,Paper Craft
,Paper Craft/Stickers
,Paper Craft/Stickers/Essentials
PESL101,
,Paper Craft
,Paper Craft/Stickers
,Paper Craft/Stickers/Essentials
PESL100,
,Paper Craft
,Paper Craft/Stickers
,Paper Craft/Stickers/Essentials
PESL102,
,Paper Craft
,Paper Craft/Stickers
,Paper Craft/Stickers/Essentials
PESL106,
,Paper Craft
,Paper Craft/Stickers
,Paper Craft/Stickers/Essentials
PESL103,
,Paper Craft
,Paper Craft/Stickers
,Paper Craft/Stickers/Essentials
PESL107,
,Paper Craft
,Paper Craft/Stickers
,Paper Craft/Stickers/Essentials
PESL109,
,Paper Craft
,Paper Craft/Stickers
,Paper Craft/Stickers/Essentials
PESL114,
,Paper Craft
,Paper Craft/Stickers
,Paper Craft/Stickers/Essentials
PESL113,
,Paper Craft
,Paper Craft/Stickers
,Paper Craft/Stickers/Essentials
PESL111,
,Paper Craft
,Paper Craft/Stickers
,Paper Craft/Stickers/Essentials
PESL115,
,Paper Craft
,Paper Craft/Stickers
,Paper Craft/Stickers/Essentials
PESL116,
,Paper Craft
,Paper Craft/Stickers
,Paper Craft/Stickers/Essentials
PESL117,
,Paper Craft
,Paper Craft/Stickers
,Paper Craft/Stickers/Essentials
PESL118,
,Paper Craft
,Paper Craft/Stickers
,Paper Craft/Stickers/Essentials
PESL119,
,Paper Craft
,Paper Craft/Stickers
,Paper Craft/Stickers/Essentials
PESL12,
,Paper Craft
,Paper Craft/Stickers
,Paper Craft/Stickers/Essentials
PESL120,
,Paper Craft
,Paper Craft/Stickers
,Paper Craft/Stickers/Essentials
PESL121,
,Paper Craft
,Paper Craft/Stickers
,Paper Craft/Stickers/Essentials
PESL123,
,Paper Craft
,Paper Craft/Stickers
,Paper Craft/Stickers/Essentials
PESL122,
,Paper Craft
,Paper Craft/Stickers
,Paper Craft/Stickers/Essentials
PESL126,
,Paper Craft
,Paper Craft/Stickers
,Paper Craft/Stickers/Essentials
PESL124,
,Paper Craft
,Paper Craft/Stickers
,Paper Craft/Stickers/Essentials
PESL125,
,Paper Craft
,Paper Craft/Stickers
,Paper Craft/Stickers/Essentials
PESL127,
,Paper Craft
,Paper Craft/Stickers
,Paper Craft/Stickers/Essentials
PESL130,
,Paper Craft
,Paper Craft/Stickers
,Paper Craft/Stickers/Essentials
PESL13,
,Paper Craft
,Paper Craft/Stickers
,Paper Craft/Stickers/Essentials
PESL129,
,Paper Craft
,Paper Craft/Stickers
,Paper Craft/Stickers/Essentials
PESL128,
,Paper Craft
,Paper Craft/Stickers
,Paper Craft/Stickers/Essentials
PESL132,
,Paper Craft
,Paper Craft/Stickers
,Paper Craft/Stickers/Essentials
PESL134,
,Paper Craft
,Paper Craft/Stickers
,Paper Craft/Stickers/Essentials
PESL131,
,Paper Craft
,Paper Craft/Stickers
,Paper Craft/Stickers/Essentials
PESL136,
,Paper Craft
,Paper Craft/Stickers
,Paper Craft/Stickers/Essentials
PESL138,
,Paper Craft
,Paper Craft/Stickers
,Paper Craft/Stickers/Essentials
PESL139,
,Paper Craft
,Paper Craft/Stickers
,Paper Craft/Stickers/Essentials
PESL14,
,Paper Craft
,Paper Craft/Stickers
,Paper Craft/Stickers/Essentials
PESL140,
,Paper Craft
,Paper Craft/Stickers
,Paper Craft/Stickers/Essentials
PESL142,
,Paper Craft
,Paper Craft/Stickers
,Paper Craft/Stickers/Essentials
PESL143,
,Paper Craft
,Paper Craft/Stickers
,Paper Craft/Stickers/Essentials
PESL141,
,Paper Craft
,Paper Craft/Stickers
,Paper Craft/Stickers/Essentials
PESL144,
,Paper Craft
,Paper Craft/Stickers
,Paper Craft/Stickers/Essentials
PESL148,
,Paper Craft
,Paper Craft/Stickers
,Paper Craft/Stickers/Essentials
PESL145,
,Paper Craft
,Paper Craft/Stickers
,Paper Craft/Stickers/Essentials
PESL147,
,Paper Craft
,Paper Craft/Stickers
,Paper Craft/Stickers/Essentials
PESL150,
,Paper Craft
,Paper Craft/Stickers
,Paper Craft/Stickers/Essentials
PESL15,
,Paper Craft
,Paper Craft/Stickers
,Paper Craft/Stickers/Essentials
PESL151,
,Paper Craft
,Paper Craft/Stickers
,Paper Craft/Stickers/Essentials
PESL152,
,Paper Craft
,Paper Craft/Stickers
,Paper Craft/Stickers/Essentials
PESL153,
,Paper Craft
,Paper Craft/Stickers
,Paper Craft/Stickers/Essentials
PESL157,
,Paper Craft
,Paper Craft/Stickers
,Paper Craft/Stickers/Essentials
PESL158,
,Paper Craft
,Paper Craft/Stickers
,Paper Craft/Stickers/Essentials
PESL155,
,Paper Craft
,Paper Craft/Stickers
,Paper Craft/Stickers/Essentials
PESL154,
,Paper Craft
,Paper Craft/Stickers
,Paper Craft/Stickers/Essentials
PESL159,
,Paper Craft
,Paper Craft/Stickers
,Paper Craft/Stickers/Essentials
PESL161,
,Paper Craft
,Paper Craft/Stickers
,Paper Craft/Stickers/Essentials
PESL160,
,Paper Craft
,Paper Craft/Stickers
,Paper Craft/Stickers/Essentials
PESL16,
,Paper Craft
,Paper Craft/Stickers
,Paper Craft/Stickers/Essentials
PESL163,
,Paper Craft
,Paper Craft/Stickers
,Paper Craft/Stickers/Essentials
PESL164,
,Paper Craft
,Paper Craft/Stickers
,Paper Craft/Stickers/Essentials
PESL165,
,Paper Craft
,Paper Craft/Stickers
,Paper Craft/Stickers/Essentials
PESL167,
,Paper Craft
,Paper Craft/Stickers
,Paper Craft/Stickers/Essentials
PESL168,
,Paper Craft
,Paper Craft/Stickers
,Paper Craft/Stickers/Essentials
PESL17,
,Paper Craft
,Paper Craft/Stickers
,Paper Craft/Stickers/Essentials
PESL169,
,Paper Craft
,Paper Craft/Stickers
,Paper Craft/Stickers/Essentials
PESL172,
,Paper Craft
,Paper Craft/Stickers
,Paper Craft/Stickers/Essentials
PESL170,
,Paper Craft
,Paper Craft/Stickers
,Paper Craft/Stickers/Essentials
PESL174,
,Paper Craft
,Paper Craft/Stickers
,Paper Craft/Stickers/Essentials
PESL173,
,Paper Craft
,Paper Craft/Stickers
,Paper Craft/Stickers/Essentials
PESL180,
,Paper Craft
,Paper Craft/Stickers
,Paper Craft/Stickers/Essentials
PESL178,
,Paper Craft
,Paper Craft/Stickers
,Paper Craft/Stickers/Essentials
PESL179,
,Paper Craft
,Paper Craft/Stickers
,Paper Craft/Stickers/Essentials
PESL184,
,Paper Craft
,Paper Craft/Stickers
,Paper Craft/Stickers/Essentials
PESL188,
,Paper Craft
,Paper Craft/Stickers
,Paper Craft/Stickers/Essentials
PESL186,
,Paper Craft
,Paper Craft/Stickers
,Paper Craft/Stickers/Essentials
PESL191,
,Paper Craft
,Paper Craft/Stickers
,Paper Craft/Stickers/Essentials
PESL189,
,Paper Craft
,Paper Craft/Stickers
,Paper Craft/Stickers/Essentials
PESL194,
,Paper Craft
,Paper Craft/Stickers
,Paper Craft/Stickers/Essentials
PESL192,
,Paper Craft
,Paper Craft/Stickers
,Paper Craft/Stickers/Essentials
PESL193,
,Paper Craft
,Paper Craft/Stickers
,Paper Craft/Stickers/Essentials
PESL196,
,Paper Craft
,Paper Craft/Stickers
,Paper Craft/Stickers/Essentials
PESL197,
,Paper Craft
,Paper Craft/Stickers
,Paper Craft/Stickers/Essentials
PESL198,
,Paper Craft
,Paper Craft/Stickers
,Paper Craft/Stickers/Essentials
PESL199,
,Paper Craft
,Paper Craft/Stickers
,Paper Craft/Stickers/Essentials
PESL2,
,Paper Craft
,Paper Craft/Stickers
,Paper Craft/Stickers/Essentials
PESL202,
,Paper Craft
,Paper Craft/Stickers
,Paper Craft/Stickers/Essentials
PESL203,
,Paper Craft
,Paper Craft/Stickers
,Paper Craft/Stickers/Essentials
PESL206,
,Paper Craft
,Paper Craft/Stickers
,Paper Craft/Stickers/Essentials
PESL200,
,Paper Craft
,Paper Craft/Stickers
,Paper Craft/Stickers/Essentials
PESL208,
,Paper Craft
,Paper Craft/Stickers
,Paper Craft/Stickers/Essentials
PESL21,
,Paper Craft
,Paper Craft/Stickers
,Paper Craft/Stickers/Essentials
PESL216,
,Paper Craft
,Paper Craft/Stickers
,Paper Craft/Stickers/Essentials
PESL212,
,Paper Craft
,Paper Craft/Stickers
,Paper Craft/Stickers/Essentials
PESL217,
,Paper Craft
,Paper Craft/Stickers
,Paper Craft/Stickers/Essentials
PESL22,
,Paper Craft
,Paper Craft/Stickers
,Paper Craft/Stickers/Essentials
PESL218,
,Paper Craft
,Paper Craft/Stickers
,Paper Craft/Stickers/Essentials
PESL220,
,Paper Craft
,Paper Craft/Stickers
,Paper Craft/Stickers/Essentials
PESL224,
,Paper Craft
,Paper Craft/Stickers
,Paper Craft/Stickers/Essentials
PESL223,
,Paper Craft
,Paper Craft/Stickers
,Paper Craft/Stickers/Essentials
PESL221,
,Paper Craft
,Paper Craft/Stickers
,Paper Craft/Stickers/Essentials
PESL226,
,Paper Craft
,Paper Craft/Stickers
,Paper Craft/Stickers/Essentials
PESL227,
,Paper Craft
,Paper Craft/Stickers
,Paper Craft/Stickers/Essentials
PESL225,
,Paper Craft
,Paper Craft/Stickers
,Paper Craft/Stickers/Essentials
PESL23,
,Paper Craft
,Paper Craft/Stickers
,Paper Craft/Stickers/Essentials
PESL228,
,Paper Craft
,Paper Craft/Stickers
,Paper Craft/Stickers/Essentials
PESL229,
,Paper Craft
,Paper Craft/Stickers
,Paper Craft/Stickers/Essentials
PESL230,
,Paper Craft
,Paper Craft/Stickers
,Paper Craft/Stickers/Essentials
PESL231,
,Paper Craft
,Paper Craft/Stickers
,Paper Craft/Stickers/Essentials
PESL232,
,Paper Craft
,Paper Craft/Stickers
,Paper Craft/Stickers/Essentials
PESL234,
,Paper Craft
,Paper Craft/Stickers
,Paper Craft/Stickers/Essentials
PESL237,
,Paper Craft
,Paper Craft/Stickers
,Paper Craft/Stickers/Essentials
PESL238,
,Paper Craft
,Paper Craft/Stickers
,Paper Craft/Stickers/Essentials
PESL236,
,Paper Craft
,Paper Craft/Stickers
,Paper Craft/Stickers/Essentials
PESL240,
,Paper Craft
,Paper Craft/Stickers
,Paper Craft/Stickers/Essentials
PESL239,
,Paper Craft
,Paper Craft/Stickers
,Paper Craft/Stickers/Essentials
PESL242,
,Paper Craft
,Paper Craft/Stickers
,Paper Craft/Stickers/Essentials
PESL243,
,Paper Craft
,Paper Craft/Stickers
,Paper Craft/Stickers/Essentials
PESL241,
,Paper Craft
,Paper Craft/Stickers
,Paper Craft/Stickers/Essentials
PESL247,
,Paper Craft
,Paper Craft/Stickers
,Paper Craft/Stickers/Essentials
PESL249,
,Paper Craft
,Paper Craft/Stickers
,Paper Craft/Stickers/Essentials
PESL248,
,Paper Craft
,Paper Craft/Stickers
,Paper Craft/Stickers/Essentials
PESL251,
,Paper Craft
,Paper Craft/Stickers
,Paper Craft/Stickers/Essentials
PESL253,
,Paper Craft
,Paper Craft/Stickers
,Paper Craft/Stickers/Essentials
PESL252,
,Paper Craft
,Paper Craft/Stickers
,Paper Craft/Stickers/Essentials
PESL250,
,Paper Craft
,Paper Craft/Stickers
,Paper Craft/Stickers/Essentials
PESL254,
,Paper Craft
,Paper Craft/Stickers
,Paper Craft/Stickers/Essentials
PESL25,
,Paper Craft
,Paper Craft/Stickers
,Paper Craft/Stickers/Essentials
PESL257,
,Paper Craft
,Paper Craft/Stickers
,Paper Craft/Stickers/Essentials
PESL256,
,Paper Craft
,Paper Craft/Stickers
,Paper Craft/Stickers/Essentials
PESL260,
,Paper Craft
,Paper Craft/Stickers
,Paper Craft/Stickers/Essentials
PESL261,
,Paper Craft
,Paper Craft/Stickers
,Paper Craft/Stickers/Essentials
PESL258,
,Paper Craft
,Paper Craft/Stickers
,Paper Craft/Stickers/Essentials
PESL263,
,Paper Craft
,Paper Craft/Stickers
,Paper Craft/Stickers/Essentials
PESL262,
,Paper Craft
,Paper Craft/Stickers
,Paper Craft/Stickers/Essentials
PESL264,
,Paper Craft
,Paper Craft/Stickers
,Paper Craft/Stickers/Essentials
PESL265,
,Paper Craft
,Paper Craft/Stickers
,Paper Craft/Stickers/Essentials
PESL266,
,Paper Craft
,Paper Craft/Stickers
,Paper Craft/Stickers/Essentials
PESL268,
,Paper Craft
,Paper Craft/Stickers
,Paper Craft/Stickers/Essentials
PESL269,
,Paper Craft
,Paper Craft/Stickers
,Paper Craft/Stickers/Essentials
PESL267,
,Paper Craft
,Paper Craft/Stickers
,Paper Craft/Stickers/Essentials
PESL270,
,Paper Craft
,Paper Craft/Stickers
,Paper Craft/Stickers/Essentials
PESL27,
,Paper Craft
,Paper Craft/Stickers
,Paper Craft/Stickers/Essentials
PESL271,
,Paper Craft
,Paper Craft/Stickers
,Paper Craft/Stickers/Essentials
PESL272,
,Paper Craft
,Paper Craft/Stickers
,Paper Craft/Stickers/Essentials
PESL274,
,Paper Craft
,Paper Craft/Stickers
,Paper Craft/Stickers/Essentials
PESL277,
,Paper Craft
,Paper Craft/Stickers
,Paper Craft/Stickers/Essentials
PESL276,
,Paper Craft
,Paper Craft/Stickers
,Paper Craft/Stickers/Essentials
PESL275,
,Paper Craft
,Paper Craft/Stickers
,Paper Craft/Stickers/Essentials
PESL273,
,Paper Craft
,Paper Craft/Stickers
,Paper Craft/Stickers/Essentials
PESL278,
,Paper Craft
,Paper Craft/Stickers
,Paper Craft/Stickers/Essentials
PESL280,
,Paper Craft
,Paper Craft/Stickers
,Paper Craft/Stickers/Essentials
PESL282,
,Paper Craft
,Paper Craft/Stickers
,Paper Craft/Stickers/Essentials
PESL281,
,Paper Craft
,Paper Craft/Stickers
,Paper Craft/Stickers/Essentials
PESL285,
,Paper Craft
,Paper Craft/Stickers
,Paper Craft/Stickers/Essentials
PESL286,
,Paper Craft
,Paper Craft/Stickers
,Paper Craft/Stickers/Essentials
PESL289,
,Paper Craft
,Paper Craft/Stickers
,Paper Craft/Stickers/Essentials
PESL288,
,Paper Craft
,Paper Craft/Stickers
,Paper Craft/Stickers/Essentials
PESL287,
,Paper Craft
,Paper Craft/Stickers
,Paper Craft/Stickers/Essentials
PESL29,
,Paper Craft
,Paper Craft/Stickers
,Paper Craft/Stickers/Essentials
PESL292,
,Paper Craft
,Paper Craft/Stickers
,Paper Craft/Stickers/Essentials
PESL291,
,Paper Craft
,Paper Craft/Stickers
,Paper Craft/Stickers/Essentials
PESL290,
,Paper Craft
,Paper Craft/Stickers
,Paper Craft/Stickers/Essentials
PESL293,
,Paper Craft
,Paper Craft/Stickers
,Paper Craft/Stickers/Essentials
PESL294,
,Paper Craft
,Paper Craft/Stickers
,Paper Craft/Stickers/Essentials
PESL295,
,Paper Craft
,Paper Craft/Stickers
,Paper Craft/Stickers/Essentials
PESL30,
,Paper Craft
,Paper Craft/Stickers
,Paper Craft/Stickers/Essentials
PESL3,
,Paper Craft
,Paper Craft/Stickers
,Paper Craft/Stickers/Essentials
PESL31,
,Paper Craft
,Paper Craft/Stickers
,Paper Craft/Stickers/Essentials
PESL35,
,Paper Craft
,Paper Craft/Stickers
,Paper Craft/Stickers/Essentials
PESL34,
,Paper Craft
,Paper Craft/Stickers
,Paper Craft/Stickers/Essentials
PESL33,
,Paper Craft
,Paper Craft/Stickers
,Paper Craft/Stickers/Essentials
PESL32,
,Paper Craft
,Paper Craft/Stickers
,Paper Craft/Stickers/Essentials
PESL36,
,Paper Craft
,Paper Craft/Stickers
,Paper Craft/Stickers/Essentials
PESL38,
,Paper Craft
,Paper Craft/Stickers
,Paper Craft/Stickers/Essentials
PESL4,
,Paper Craft
,Paper Craft/Stickers
,Paper Craft/Stickers/Essentials
PESL39,
,Paper Craft
,Paper Craft/Stickers
,Paper Craft/Stickers/Essentials
PESL40,
,Paper Craft
,Paper Craft/Stickers
,Paper Craft/Stickers/Essentials
PESL47,
,Paper Craft
,Paper Craft/Stickers
,Paper Craft/Stickers/Essentials
PESL44,
,Paper Craft
,Paper Craft/Stickers
,Paper Craft/Stickers/Essentials
PESL55,
,Paper Craft
,Paper Craft/Stickers
,Paper Craft/Stickers/Essentials
PESL60,
,Paper Craft
,Paper Craft/Stickers
,Paper Craft/Stickers/Essentials
PESL6,
,Paper Craft
,Paper Craft/Stickers
,Paper Craft/Stickers/Essentials
PESL68,
,Paper Craft
,Paper Craft/Stickers
,Paper Craft/Stickers/Essentials
PESL7,
,Paper Craft
,Paper Craft/Stickers
,Paper Craft/Stickers/Essentials
PESL72,
,Paper Craft
,Paper Craft/Stickers
,Paper Craft/Stickers/Essentials
PESL8,
,Paper Craft
,Paper Craft/Stickers
,Paper Craft/Stickers/Essentials
PESL83,
,Paper Craft
,Paper Craft/Stickers
,Paper Craft/Stickers/Essentials
PESL85,
,Paper Craft
,Paper Craft/Stickers
,Paper Craft/Stickers/Essentials
PESL82,
,Paper Craft
,Paper Craft/Stickers
,Paper Craft/Stickers/Essentials
PESL81,
,Paper Craft
,Paper Craft/Stickers
,Paper Craft/Stickers/Essentials
PESL84,
,Paper Craft
,Paper Craft/Stickers
,Paper Craft/Stickers/Essentials
PESL9,
,Paper Craft
,Paper Craft/Stickers
,Paper Craft/Stickers/Essentials
PESL87,
,Paper Craft
,Paper Craft/Stickers
,Paper Craft/Stickers/Essentials
PESL92,
,Paper Craft
,Paper Craft/Stickers
,Paper Craft/Stickers/Essentials
PESL94,
,Paper Craft
,Paper Craft/Stickers
,Paper Craft/Stickers/Essentials
PESL95,
,Paper Craft
,Paper Craft/Stickers
,Paper Craft/Stickers/Essentials
PESL96,
,Paper Craft
,Paper Craft/Stickers
,Paper Craft/Stickers/Essentials
PESL97,
,Paper Craft
,Paper Craft/Stickers
,Paper Craft/Stickers/Essentials
PESL98,
,Paper Craft
,Paper Craft/Stickers
,Paper Craft/Stickers/Essentials
PESL99,
,Paper Craft
,Paper Craft/Stickers
,Paper Craft/Stickers/Essentials
PLPESL1,
,Paper Craft
,Paper Craft/Stickers
,Paper Craft/Stickers/Essentials
PSCBHMCLE36,
,Paper Craft
,Paper Craft/Stickers
,Paper Craft/Stickers/Essentials
PSCBHMCLE40,
,Paper Craft
,Paper Craft/Stickers
,Paper Craft/Stickers/Essentials
PSCBHMCLE2,
,Paper Craft
,Paper Craft/Stickers
,Paper Craft/Stickers/Essentials
PSCBHMLE1,
,Paper Craft
,Paper Craft/Stickers
,Paper Craft/Stickers/Essentials
PSCBHMCLE48,
,Paper Craft
,Paper Craft/Stickers
,Paper Craft/Stickers/Essentials
PSCBHMCLE9,
,Paper Craft
,Paper Craft/Stickers
,Paper Craft/Stickers/Essentials
PSCBHMLE102,
,Paper Craft
,Paper Craft/Stickers
,Paper Craft/Stickers/Essentials
PSCBHMLE10,
,Paper Craft
,Paper Craft/Stickers
,Paper Craft/Stickers/Essentials
PSCBHMLE11,
,Paper Craft
,Paper Craft/Stickers
,Paper Craft/Stickers/Essentials
PSCBHMLE12,
,Paper Craft
,Paper Craft/Stickers
,Paper Craft/Stickers/Essentials
PSCBHMLE106,
,Paper Craft
,Paper Craft/Stickers
,Paper Craft/Stickers/Essentials
PSCBHMLE124,
,Paper Craft
,Paper Craft/Stickers
,Paper Craft/Stickers/Essentials
PSCBHMLE125,
,Paper Craft
,Paper Craft/Stickers
,Paper Craft/Stickers/Essentials
PSCBHMLE129,
,Paper Craft
,Paper Craft/Stickers
,Paper Craft/Stickers/Essentials
PSCBHMLE126,
,Paper Craft
,Paper Craft/Stickers
,Paper Craft/Stickers/Essentials
PSCBHMLE128,
,Paper Craft
,Paper Craft/Stickers
,Paper Craft/Stickers/Essentials
PSCBHMLE13,
,Paper Craft
,Paper Craft/Stickers
,Paper Craft/Stickers/Essentials
PSCBHMLE130,
,Paper Craft
,Paper Craft/Stickers
,Paper Craft/Stickers/Essentials
PSCBHMLE132,
,Paper Craft
,Paper Craft/Stickers
,Paper Craft/Stickers/Essentials
PSCBHMLE135,
,Paper Craft
,Paper Craft/Stickers
,Paper Craft/Stickers/Essentials
PSCBHMLE134,
,Paper Craft
,Paper Craft/Stickers
,Paper Craft/Stickers/Essentials
PSCBHMLE139,
,Paper Craft
,Paper Craft/Stickers
,Paper Craft/Stickers/Essentials
PSCBHMLE140,
,Paper Craft
,Paper Craft/Stickers
,Paper Craft/Stickers/Essentials
PSCBHMLE136,
,Paper Craft
,Paper Craft/Stickers
,Paper Craft/Stickers/Essentials
PSCBHMLE142,
,Paper Craft
,Paper Craft/Stickers
,Paper Craft/Stickers/Essentials
PSCBHMLE14,
,Paper Craft
,Paper Craft/Stickers
,Paper Craft/Stickers/Essentials
PSCBHMLE15,
,Paper Craft
,Paper Craft/Stickers
,Paper Craft/Stickers/Essentials
PSCBHMLE144,
,Paper Craft
,Paper Craft/Stickers
,Paper Craft/Stickers/Essentials
PSCBHMLE150,
,Paper Craft
,Paper Craft/Stickers
,Paper Craft/Stickers/Essentials
PSCBHMLE153,
,Paper Craft
,Paper Craft/Stickers
,Paper Craft/Stickers/Essentials
PSCBHMLE154,
,Paper Craft
,Paper Craft/Stickers
,Paper Craft/Stickers/Essentials
PSCBHMLE159,
,Paper Craft
,Paper Craft/Stickers
,Paper Craft/Stickers/Essentials
PSCBHMLE158,
,Paper Craft
,Paper Craft/Stickers
,Paper Craft/Stickers/Essentials
PSCBHMLE16,
,Paper Craft
,Paper Craft/Stickers
,Paper Craft/Stickers/Essentials
PSCBHMLE160,
,Paper Craft
,Paper Craft/Stickers
,Paper Craft/Stickers/Essentials
PSCBHMLE163,
,Paper Craft
,Paper Craft/Stickers
,Paper Craft/Stickers/Essentials
PSCBHMLE161,
,Paper Craft
,Paper Craft/Stickers
,Paper Craft/Stickers/Essentials
PSCBHMLE178,
,Paper Craft
,Paper Craft/Stickers
,Paper Craft/Stickers/Essentials
PSCBHMLE17,
,Paper Craft
,Paper Craft/Stickers
,Paper Craft/Stickers/Essentials
PSCBHMLE176,
,Paper Craft
,Paper Craft/Stickers
,Paper Craft/Stickers/Essentials
PSCBHMLE175,
,Paper Craft
,Paper Craft/Stickers
,Paper Craft/Stickers/Essentials
PSCBHMLE193,
,Paper Craft
,Paper Craft/Stickers
,Paper Craft/Stickers/Essentials
PSCBHMLE195,
,Paper Craft
,Paper Craft/Stickers
,Paper Craft/Stickers/Essentials
PSCBHMLE192,
,Paper Craft
,Paper Craft/Stickers
,Paper Craft/Stickers/Essentials
PSCBHMLE197,
,Paper Craft
,Paper Craft/Stickers
,Paper Craft/Stickers/Essentials
PSCBHMLE191,
,Paper Craft
,Paper Craft/Stickers
,Paper Craft/Stickers/Essentials
PSCBHMLE198,
,Paper Craft
,Paper Craft/Stickers
,Paper Craft/Stickers/Essentials
PSCBHMLE201,
,Paper Craft
,Paper Craft/Stickers
,Paper Craft/Stickers/Essentials
PSCBHMLE182,
,Paper Craft
,Paper Craft/Stickers
,Paper Craft/Stickers/Essentials
PSCBHMLE2,
,Paper Craft
,Paper Craft/Stickers
,Paper Craft/Stickers/Essentials
PSCBHMLE194,
,Paper Craft
,Paper Craft/Stickers
,Paper Craft/Stickers/Essentials
PSCBHMLE204,
,Paper Craft
,Paper Craft/Stickers
,Paper Craft/Stickers/Essentials
PSCBHMLE206,
,Paper Craft
,Paper Craft/Stickers
,Paper Craft/Stickers/Essentials
PSCBHMLE26,
,Paper Craft
,Paper Craft/Stickers
,Paper Craft/Stickers/Essentials
PSCBHMLE199,
,Paper Craft
,Paper Craft/Stickers
,Paper Craft/Stickers/Essentials
PSCBHMLE25,
,Paper Craft
,Paper Craft/Stickers
,Paper Craft/Stickers/Essentials
PSCBHMLE43,
,Paper Craft
,Paper Craft/Stickers
,Paper Craft/Stickers/Essentials
PSCBHMLE4,
,Paper Craft
,Paper Craft/Stickers
,Paper Craft/Stickers/Essentials
PSCBHMLE3,
,Paper Craft
,Paper Craft/Stickers
,Paper Craft/Stickers/Essentials
PSCBHMLE31,
,Paper Craft
,Paper Craft/Stickers
,Paper Craft/Stickers/Essentials
PSCBHMLE29,
,Paper Craft
,Paper Craft/Stickers
,Paper Craft/Stickers/Essentials
PSCBHMLE37,
,Paper Craft
,Paper Craft/Stickers
,Paper Craft/Stickers/Essentials
PSCBHMLE6,
,Paper Craft
,Paper Craft/Stickers
,Paper Craft/Stickers/Essentials
PSCBHMLE9,
,Paper Craft
,Paper Craft/Stickers
,Paper Craft/Stickers/Essentials
PSCBHMLE80,
,Paper Craft
,Paper Craft/Stickers
,Paper Craft/Stickers/Essentials
PSCBHMLE71,
,Paper Craft
,Paper Craft/Stickers
,Paper Craft/Stickers/Essentials
PSPNGESL1,
,Paper Craft
,Paper Craft/Stickers
,Paper Craft/Stickers/Essentials
PTHOCHM1,
,Paper Craft
,Paper Craft/Stickers
,Paper Craft/Stickers/Essentials
PTHOMESL1,
,Paper Craft
,Paper Craft/Stickers
,Paper Craft/Stickers/Essentials
SC0001,
,Paper Craft
,Paper Craft/Stickers
,Paper Craft/Stickers/Essentials
SC0002,
,Paper Craft
,Paper Craft/Stickers
,Paper Craft/Stickers/Essentials
SC0003,
,Paper Craft
,Paper Craft/Stickers
,Paper Craft/Stickers/Essentials
SC0004,
,Paper Craft
,Paper Craft/Stickers
,Paper Craft/Stickers/Essentials
SC0005,
,Paper Craft
,Paper Craft/Stickers
,Paper Craft/Stickers/Essentials
SC0006,
,Paper Craft
,Paper Craft/Stickers
,Paper Craft/Stickers/Essentials
SC0007,
,Paper Craft
,Paper Craft/Stickers
,Paper Craft/Stickers/Essentials
SC0009,
,Paper Craft
,Paper Craft/Stickers
,Paper Craft/Stickers/Essentials
SC0008,
,Paper Craft
,Paper Craft/Stickers
,Paper Craft/Stickers/Essentials
SC0010,
,Paper Craft
,Paper Craft/Stickers
,Paper Craft/Stickers/Essentials
SC0011,
,Paper Craft
,Paper Craft/Stickers
,Paper Craft/Stickers/Essentials
SC0013,
,Paper Craft
,Paper Craft/Stickers
,Paper Craft/Stickers/Essentials
SC0012,
,Paper Craft
,Paper Craft/Stickers
,Paper Craft/Stickers/Essentials
SC0014,
,Paper Craft
,Paper Craft/Stickers
,Paper Craft/Stickers/Essentials
SC0017,
,Paper Craft
,Paper Craft/Stickers
,Paper Craft/Stickers/Essentials
SC0016,
,Paper Craft
,Paper Craft/Stickers
,Paper Craft/Stickers/Essentials
SC0015,
,Paper Craft
,Paper Craft/Stickers
,Paper Craft/Stickers/Essentials
SC0018,
,Paper Craft
,Paper Craft/Stickers
,Paper Craft/Stickers/Essentials
SC0020,
,Paper Craft
,Paper Craft/Stickers
,Paper Craft/Stickers/Essentials
SC0021,
,Paper Craft
,Paper Craft/Stickers
,Paper Craft/Stickers/Essentials
SC0023,
,Paper Craft
,Paper Craft/Stickers
,Paper Craft/Stickers/Essentials
SC0024,
,Paper Craft
,Paper Craft/Stickers
,Paper Craft/Stickers/Essentials
SC0022,
,Paper Craft
,Paper Craft/Stickers
,Paper Craft/Stickers/Essentials
SC0027,
,Paper Craft
,Paper Craft/Stickers
,Paper Craft/Stickers/Essentials
SC0026,
,Paper Craft
,Paper Craft/Stickers
,Paper Craft/Stickers/Essentials
SC0025,
,Paper Craft
,Paper Craft/Stickers
,Paper Craft/Stickers/Essentials
SC0030,
,Paper Craft
,Paper Craft/Stickers
,Paper Craft/Stickers/Essentials
SC0029,
,Paper Craft
,Paper Craft/Stickers
,Paper Craft/Stickers/Essentials
SC0050,
,Paper Craft
,Paper Craft/Stickers
,Paper Craft/Stickers/Essentials
SC0051,
,Paper Craft
,Paper Craft/Stickers
,Paper Craft/Stickers/Essentials
SC0052,
,Paper Craft
,Paper Craft/Stickers
,Paper Craft/Stickers/Essentials
SC0053,
,Paper Craft
,Paper Craft/Stickers
,Paper Craft/Stickers/Essentials
SC0054,
,Paper Craft
,Paper Craft/Stickers
,Paper Craft/Stickers/Essentials
SC0057,
,Paper Craft
,Paper Craft/Stickers
,Paper Craft/Stickers/Essentials
SC0058,
,Paper Craft
,Paper Craft/Stickers
,Paper Craft/Stickers/Essentials
SC0059,
,Paper Craft
,Paper Craft/Stickers
,Paper Craft/Stickers/Essentials
SC0060,
,Paper Craft
,Paper Craft/Stickers
,Paper Craft/Stickers/Essentials
SC0055,
,Paper Craft
,Paper Craft/Stickers
,Paper Craft/Stickers/Essentials
SC0062,
,Paper Craft
,Paper Craft/Stickers
,Paper Craft/Stickers/Essentials
SC0035,
,Paper Craft
,Paper Craft/Stickers
,Paper Craft/Stickers/Essentials
SC0039,
,Paper Craft
,Paper Craft/Stickers
,Paper Craft/Stickers/Essentials
SC0038,
,Paper Craft
,Paper Craft/Stickers
,Paper Craft/Stickers/Essentials
SC0036,
,Paper Craft
,Paper Craft/Stickers
,Paper Craft/Stickers/Essentials
SC0044,
,Paper Craft
,Paper Craft/Stickers
,Paper Craft/Stickers/Essentials
SC0069,
,Paper Craft
,Paper Craft/Stickers
,Paper Craft/Stickers/Essentials
SC0070,
,Paper Craft
,Paper Craft/Stickers
,Paper Craft/Stickers/Essentials
SC0071,
,Paper Craft
,Paper Craft/Stickers
,Paper Craft/Stickers/Essentials
SC0072,
,Paper Craft
,Paper Craft/Stickers
,Paper Craft/Stickers/Essentials
SC0061,
,Paper Craft
,Paper Craft/Stickers
,Paper Craft/Stickers/Essentials
SC0075,
,Paper Craft
,Paper Craft/Stickers
,Paper Craft/Stickers/Essentials
SC0074,
,Paper Craft
,Paper Craft/Stickers
,Paper Craft/Stickers/Essentials
SC0076,
,Paper Craft
,Paper Craft/Stickers
,Paper Craft/Stickers/Essentials
SC0086,
,Paper Craft
,Paper Craft/Stickers
,Paper Craft/Stickers/Essentials
SC0085,
,Paper Craft
,Paper Craft/Stickers
,Paper Craft/Stickers/Essentials
SC0082,
,Paper Craft
,Paper Craft/Stickers
,Paper Craft/Stickers/Essentials
SC0080,
,Paper Craft
,Paper Craft/Stickers
,Paper Craft/Stickers/Essentials
SC0079,
,Paper Craft
,Paper Craft/Stickers
,Paper Craft/Stickers/Essentials
SC0078,
,Paper Craft
,Paper Craft/Stickers
,Paper Craft/Stickers/Essentials
SC0077,
,Paper Craft
,Paper Craft/Stickers
,Paper Craft/Stickers/Essentials
SC0088,
,Paper Craft
,Paper Craft/Stickers
,Paper Craft/Stickers/Essentials
SC0089,
,Paper Craft
,Paper Craft/Stickers
,Paper Craft/Stickers/Essentials
SC0090,
,Paper Craft
,Paper Craft/Stickers
,Paper Craft/Stickers/Essentials
SC0092,
,Paper Craft
,Paper Craft/Stickers
,Paper Craft/Stickers/Essentials
SC0093,
,Paper Craft
,Paper Craft/Stickers
,Paper Craft/Stickers/Essentials
SC0094,
,Paper Craft
,Paper Craft/Stickers
,Paper Craft/Stickers/Essentials
SC0117,
,Paper Craft
,Paper Craft/Stickers
,Paper Craft/Stickers/Essentials
SC0119,
,Paper Craft
,Paper Craft/Stickers
,Paper Craft/Stickers/Essentials
SC0121,
,Paper Craft
,Paper Craft/Stickers
,Paper Craft/Stickers/Essentials
SC0122,
,Paper Craft
,Paper Craft/Stickers
,Paper Craft/Stickers/Essentials
SC0091,
,Paper Craft
,Paper Craft/Stickers
,Paper Craft/Stickers/Essentials
SC0118,
,Paper Craft
,Paper Craft/Stickers
,Paper Craft/Stickers/Essentials
SC0120,
,Paper Craft
,Paper Craft/Stickers
,Paper Craft/Stickers/Essentials
SC0123,
,Paper Craft
,Paper Craft/Stickers
,Paper Craft/Stickers/Essentials
SC0126,
,Paper Craft
,Paper Craft/Stickers
,Paper Craft/Stickers/Essentials
SC0124,
,Paper Craft
,Paper Craft/Stickers
,Paper Craft/Stickers/Essentials
SC0134,
,Paper Craft
,Paper Craft/Stickers
,Paper Craft/Stickers/Essentials
SC0125,
,Paper Craft
,Paper Craft/Stickers
,Paper Craft/Stickers/Essentials
SC0127,
,Paper Craft
,Paper Craft/Stickers
,Paper Craft/Stickers/Essentials
SC0130,
,Paper Craft
,Paper Craft/Stickers
,Paper Craft/Stickers/Essentials
SC0136,
,Paper Craft
,Paper Craft/Stickers
,Paper Craft/Stickers/Essentials
SC0131,
,Paper Craft
,Paper Craft/Stickers
,Paper Craft/Stickers/Essentials
SC0138,
,Paper Craft
,Paper Craft/Stickers
,Paper Craft/Stickers/Essentials
SC0139,
,Paper Craft
,Paper Craft/Stickers
,Paper Craft/Stickers/Essentials
SC0140,
,Paper Craft
,Paper Craft/Stickers
,Paper Craft/Stickers/Essentials
SC0141,
,Paper Craft
,Paper Craft/Stickers
,Paper Craft/Stickers/Essentials
SC0135,
,Paper Craft
,Paper Craft/Stickers
,Paper Craft/Stickers/Essentials
SC0137,
,Paper Craft
,Paper Craft/Stickers
,Paper Craft/Stickers/Essentials
SC0142,
,Paper Craft
,Paper Craft/Stickers
,Paper Craft/Stickers/Essentials